350.0,;500.0
350.0,;4.666.666.666.666.660
350.0,;500.0
351.0,;4.833.333.333.333.330
351.0,;475.0
351.0,;4.666.666.666.666.660
352.0,;4.583.333.333.333.330
352.0,;4.583.333.333.333.330
353.0,;4.583.333.333.333.330
353.0,;35.833.333.333.333.300
353.0,;38.333.333.333.333.300
354.0,;34.166.666.666.666.600
354.0,;34.166.666.666.666.600
354.0,;31.666.666.666.666.600
355.0,;29.166.666.666.666.600
355.0,;30.833.333.333.333.300
356.0,;350.0
356.0,;350.0
356.0,;375.0
357.0,;4.166.666.666.666.660
357.0,;4.416.666.666.666.660
358.0,;4.666.666.666.666.660
358.0,;425.0
358.0,;4.666.666.666.666.660
359.0,;450.0
359.0,;4.416.666.666.666.660
359.0,;38.333.333.333.333.300
360.0,;35.833.333.333.333.300
360.0,;31.666.666.666.666.600
361.0,;375.0
361.0,;375.0
361.0,;33.333.333.333.333.300
362.0,;29.166.666.666.666.600
362.0,;275.0
362.0,;275.0
363.0,;300.0
363.0,;29.166.666.666.666.600
364.0,;25.833.333.333.333.300
364.0,;28.333.333.333.333.300
364.0,;28.333.333.333.333.300
365.0,;29.166.666.666.666.600
365.0,;300.0
365.0,;325.0
366.0,;29.166.666.666.666.600
366.0,;29.166.666.666.666.600
367.0,;325.0
367.0,;33.333.333.333.333.300
367.0,;31.666.666.666.666.600
368.0,;31.666.666.666.666.600
368.0,;28.333.333.333.333.300
368.0,;28.333.333.333.333.300
369.0,;275.0
369.0,;23.333.333.333.333.300
370.0,;225.0
370.0,;21.666.666.666.666.600
370.0,;225.0
371.0,;225.0
371.0,;250.0
371.0,;29.166.666.666.666.600
372.0,;29.166.666.666.666.600
372.0,;300.0
373.0,;31.666.666.666.666.600
373.0,;30.833.333.333.333.300
373.0,;325.0
374.0,;26.666.666.666.666.600
374.0,;24.166.666.666.666.600
374.0,;250.0
375.0,;250.0
375.0,;250.0
376.0,;24.166.666.666.666.600
376.0,;23.333.333.333.333.300
376.0,;250.0
377.0,;250.0
377.0,;-26.666.666.666.666.600
377.0,;-250.0
378.0,;-250.0
378.0,;-20.833.333.333.333.300
379.0,;-19.166.666.666.666.600
379.0,;-175.0
379.0,;-16.666.666.666.666.600
380.0,;35.833.333.333.333.300
380.0,;35.833.333.333.333.300
381.0,;35.833.333.333.333.300
381.0,;36.666.666.666.666.600
381.0,;34.166.666.666.666.600
382.0,;31.666.666.666.666.600
382.0,;300.0
382.0,;28.333.333.333.333.300
383.0,;29.166.666.666.666.600
383.0,;300.0
384.0,;28.333.333.333.333.300
384.0,;29.166.666.666.666.600
384.0,;29.166.666.666.666.600
385.0,;28.333.333.333.333.300
385.0,;300.0
385.0,;28.333.333.333.333.300
386.0,;26.666.666.666.666.600
386.0,;26.666.666.666.666.600
387.0,;275.0
387.0,;275.0
387.0,;29.166.666.666.666.600
388.0,;275.0
388.0,;28.333.333.333.333.300
388.0,;300.0
389.0,;300.0
389.0,;26.666.666.666.666.600
390.0,;275.0
390.0,;275.0
390.0,;275.0
391.0,;275.0
391.0,;26.666.666.666.666.600
391.0,;26.666.666.666.666.600
392.0,;275.0
392.0,;29.166.666.666.666.600
392.0,;31.666.666.666.666.600
393.0,;29.166.666.666.666.600
393.0,;300.0
394.0,;26.666.666.666.666.600
394.0,;25.833.333.333.333.300
394.0,;23.333.333.333.333.300
395.0,;24.166.666.666.666.600
395.0,;24.166.666.666.666.600
395.0,;26.666.666.666.666.600
396.0,;25.833.333.333.333.300
396.0,;275.0
397.0,;25.833.333.333.333.300
397.0,;26.666.666.666.666.600
397.0,;25.833.333.333.333.300
398.0,;250.0
398.0,;23.333.333.333.333.300
398.0,;24.166.666.666.666.600
399.0,;24.166.666.666.666.600
399.0,;25.833.333.333.333.300
400.0,;25.833.333.333.333.300
400.0,;250.0
400.0,;250.0
401.0,;26.666.666.666.666.600
401.0,;275.0
401.0,;275.0
402.0,;28.333.333.333.333.300
402.0,;25.833.333.333.333.300
403.0,;275.0
403.0,;275.0
403.0,;275.0
404.0,;29.166.666.666.666.600
404.0,;29.166.666.666.666.600
404.0,;28.333.333.333.333.300
405.0,;29.166.666.666.666.600
405.0,;29.166.666.666.666.600
406.0,;30.833.333.333.333.300
406.0,;31.666.666.666.666.600
406.0,;31.666.666.666.666.600
407.0,;30.833.333.333.333.300
407.0,;325.0
407.0,;31.666.666.666.666.600
408.0,;31.666.666.666.666.600
408.0,;33.333.333.333.333.300
409.0,;33.333.333.333.333.300
409.0,;34.166.666.666.666.600
409.0,;350.0
410.0,;350.0
410.0,;350.0
410.0,;350.0
411.0,;350.0
411.0,;350.0
412.0,;35.833.333.333.333.300
412.0,;35.833.333.333.333.300
412.0,;35.833.333.333.333.300
413.0,;35.833.333.333.333.300
413.0,;36.666.666.666.666.600
413.0,;375.0
414.0,;36.666.666.666.666.600
414.0,;39.166.666.666.666.600
414.0,;400.0
415.0,;39.166.666.666.666.600
415.0,;39.166.666.666.666.600
416.0,;39.166.666.666.666.600
416.0,;400.0
416.0,;4.083.333.333.333.330
417.0,;4.333.333.333.333.330
417.0,;4.333.333.333.333.330
417.0,;4.333.333.333.333.330
418.0,;4.333.333.333.333.330
418.0,;4.333.333.333.333.330
419.0,;4.333.333.333.333.330
419.0,;4.416.666.666.666.660
419.0,;4.416.666.666.666.660
420.0,;450.0
420.0,;4.583.333.333.333.330
420.0,;4.666.666.666.666.660
421.0,;4.666.666.666.666.660
421.0,;4.666.666.666.666.660
422.0,;4.666.666.666.666.660
422.0,;4.666.666.666.666.660
422.0,;4.666.666.666.666.660
423.0,;475.0
423.0,;475.0
423.0,;4.833.333.333.333.330
424.0,;4.833.333.333.333.330
424.0,;4.916.666.666.666.660
424.0,;4.833.333.333.333.330
425.0,;4.833.333.333.333.330
425.0,;4.916.666.666.666.660
426.0,;4.916.666.666.666.660
426.0,;4.916.666.666.666.660
426.0,;500.0
427.0,;5.083.333.333.333.330
427.0,;5.083.333.333.333.330
427.0,;5.166.666.666.666.660
428.0,;525.0
428.0,;525.0
429.0,;525.0
429.0,;525.0
429.0,;525.0
430.0,;525.0
430.0,;525.0
430.0,;525.0
431.0,;525.0
431.0,;5.333.333.333.333.330
432.0,;5.333.333.333.333.330
432.0,;5.416.666.666.666.660
432.0,;550.0
433.0,;550.0
433.0,;550.0
433.0,;550.0
434.0,;550.0
434.0,;5.583.333.333.333.330
434.0,;5.666.666.666.666.660
435.0,;5.666.666.666.666.660
435.0,;5.666.666.666.666.660
436.0,;5.666.666.666.666.660
436.0,;5.666.666.666.666.660
436.0,;5.666.666.666.666.660
437.0,;5.666.666.666.666.660
437.0,;5.666.666.666.666.660
437.0,;5.583.333.333.333.330
438.0,;575.0
438.0,;5.833.333.333.333.330
439.0,;5.833.333.333.333.330
439.0,;5.833.333.333.333.330
439.0,;5.833.333.333.333.330
440.0,;5.916.666.666.666.660
440.0,;5.916.666.666.666.660
440.0,;600.0
441.0,;600.0
441.0,;600.0
441.0,;600.0
442.0,;600.0
442.0,;600.0
443.0,;600.0
443.0,;6.166.666.666.666.660
443.0,;6.166.666.666.666.660
444.0,;625.0
444.0,;625.0
444.0,;625.0
445.0,;625.0
445.0,;6.333.333.333.333.330
446.0,;6.333.333.333.333.330
446.0,;6.333.333.333.333.330
446.0,;6.416.666.666.666.660
447.0,;650.0
447.0,;650.0
447.0,;650.0
448.0,;650.0
448.0,;6.583.333.333.333.330
448.0,;6.583.333.333.333.330
449.0,;6.583.333.333.333.330
449.0,;6.583.333.333.333.330
450.0,;6.833.333.333.333.330
450.0,;6.833.333.333.333.330
450.0,;725.0
451.0,;7.333.333.333.333.330
451.0,;7.333.333.333.333.330
451.0,;7.333.333.333.333.330
452.0,;7.333.333.333.333.330
452.0,;7.333.333.333.333.330
453.0,;35.083.333.333.333.300
453.0,;7.333.333.333.333.330
453.0,;7.416.666.666.666.660
454.0,;7.416.666.666.666.660
454.0,;7.416.666.666.666.660
454.0,;7.416.666.666.666.660
455.0,;7.416.666.666.666.660
455.0,;7.416.666.666.666.660
455.0,;7.416.666.666.666.660
456.0,;7.416.666.666.666.660
456.0,;7.416.666.666.666.660
457.0,;7.416.666.666.666.660
457.0,;750.0
457.0,;750.0
458.0,;750.0
458.0,;750.0
458.0,;750.0
459.0,;750.0
459.0,;750.0
459.0,;750.0
460.0,;7.583.333.333.333.330
460.0,;7.583.333.333.333.330
461.0,;7.583.333.333.333.330
461.0,;7.583.333.333.333.330
461.0,;7.583.333.333.333.330
462.0,;7.583.333.333.333.330
462.0,;7.583.333.333.333.330
462.0,;7.583.333.333.333.330
463.0,;7.583.333.333.333.330
463.0,;7.583.333.333.333.330
463.0,;775.0
464.0,;7.666.666.666.666.660
464.0,;7.833.333.333.333.330
465.0,;7.833.333.333.333.330
465.0,;7.833.333.333.333.330
465.0,;7.833.333.333.333.330
466.0,;7.916.666.666.666.660
466.0,;7.916.666.666.666.660
466.0,;7.916.666.666.666.660
467.0,;7.916.666.666.666.660
467.0,;7.916.666.666.666.660
467.0,;800.0
468.0,;800.0
468.0,;8.083.333.333.333.330
469.0,;8.166.666.666.666.660
469.0,;8.166.666.666.666.660
469.0,;825.0
470.0,;825.0
470.0,;8.166.666.666.666.660
470.0,;825.0
471.0,;8.333.333.333.333.330
471.0,;825.0
472.0,;8.166.666.666.666.660
472.0,;825.0
472.0,;8.333.333.333.333.330
473.0,;8.416.666.666.666.660
473.0,;8.416.666.666.666.660
473.0,;850.0
474.0,;850.0
474.0,;850.0
474.0,;850.0
475.0,;8.583.333.333.333.330
475.0,;8.583.333.333.333.330
476.0,;8.583.333.333.333.330
476.0,;8.583.333.333.333.330
476.0,;8.583.333.333.333.330
477.0,;8.583.333.333.333.330
477.0,;8.583.333.333.333.330
477.0,;8.583.333.333.333.330
478.0,;8.583.333.333.333.330
478.0,;8.583.333.333.333.330
478.0,;8.666.666.666.666.660
479.0,;8.666.666.666.666.660
479.0,;8.666.666.666.666.660
480.0,;875.0
480.0,;875.0
480.0,;8.833.333.333.333.330
481.0,;8.833.333.333.333.330
481.0,;8.833.333.333.333.330
481.0,;8.833.333.333.333.330
482.0,;8.833.333.333.333.330
482.0,;8.833.333.333.333.330
482.0,;8.833.333.333.333.330
483.0,;8.916.666.666.666.660
483.0,;9.083.333.333.333.330
484.0,;9.166.666.666.666.660
484.0,;925.0
484.0,;925.0
485.0,;925.0
485.0,;925.0
485.0,;925.0
486.0,;925.0
486.0,;925.0
486.0,;925.0
487.0,;925.0
487.0,;925.0
487.0,;925.0
488.0,;925.0
488.0,;925.0
489.0,;9.333.333.333.333.330
489.0,;9.333.333.333.333.330
489.0,;950.0
490.0,;950.0
490.0,;950.0
490.0,;950.0
491.0,;950.0
491.0,;9.583.333.333.333.330
491.0,;9.666.666.666.666.660
492.0,;975.0
492.0,;9.916.666.666.666.660
493.0,;9.916.666.666.666.660
493.0,;9.916.666.666.666.660
493.0,;1000.0
494.0,;10.083.333.333.333.300
494.0,;10.166.666.666.666.600
494.0,;10.166.666.666.666.600
495.0,;1025.0
495.0,;10.333.333.333.333.300
495.0,;10.333.333.333.333.300
496.0,;10.333.333.333.333.300
496.0,;10.333.333.333.333.300
497.0,;10.416.666.666.666.600
497.0,;10.416.666.666.666.600
497.0,;10.666.666.666.666.600
498.0,;1075.0
498.0,;1075.0
498.0,;10.916.666.666.666.600
499.0,;11.166.666.666.666.600
499.0,;11.333.333.333.333.300
499.0,;11.333.333.333.333.300
500.0,;11.333.333.333.333.300
500.0,;1150.0
501.0,;1150.0
501.0,;11.583.333.333.333.300
501.0,;11.583.333.333.333.300
502.0,;1200.0
502.0,;12.083.333.333.333.300
502.0,;1225.0
503.0,;12.416.666.666.666.600
503.0,;12.416.666.666.666.600
503.0,;12.416.666.666.666.600
504.0,;12.666.666.666.666.600
504.0,;12.833.333.333.333.300
504.0,;12.916.666.666.666.600
505.0,;13.083.333.333.333.300
505.0,;13.333.333.333.333.300
506.0,;13.583.333.333.333.300
506.0,;1375.0
506.0,;1375.0
507.0,;13.916.666.666.666.600
507.0,;1400.0
507.0,;14.416.666.666.666.600
508.0,;1450.0
508.0,;14.666.666.666.666.600
508.0,;14.833.333.333.333.300
509.0,;14.916.666.666.666.600
509.0,;15.083.333.333.333.300
510.0,;15.083.333.333.333.300
510.0,;15.416.666.666.666.600
510.0,;15.833.333.333.333.300
511.0,;1600.0
511.0,;16.083.333.333.333.300
511.0,;16.416.666.666.666.600
512.0,;16.666.666.666.666.600
512.0,;16.916.666.666.666.600
512.0,;1700.0
513.0,;1725.0
513.0,;17.333.333.333.333.300
513.0,;17.583.333.333.333.300
514.0,;17.666.666.666.666.600
514.0,;1775.0
515.0,;18.166.666.666.666.600
515.0,;18.416.666.666.666.600
515.0,;18.416.666.666.666.600
516.0,;18.583.333.333.333.300
516.0,;1875.0
516.0,;18.833.333.333.333.300
517.0,;19.166.666.666.666.600
517.0,;19.416.666.666.666.600
517.0,;19.583.333.333.333.300
518.0,;19.916.666.666.666.600
518.0,;2000.0
518.0,;20.166.666.666.666.600
519.0,;2.058.333.333.333.330
519.0,;2.091.666.666.666.660
520.0,;2.091.666.666.666.660
520.0,;2100.0
520.0,;2125.0
521.0,;2.141.666.666.666.660
521.0,;2175.0
521.0,;2.208.333.333.333.330
522.0,;2.216.666.666.666.660
522.0,;2225.0
522.0,;2250.0
523.0,;2.283.333.333.333.330
523.0,;2.308.333.333.333.330
524.0,;2.316.666.666.666.660
524.0,;2325.0
524.0,;2325.0
525.0,;2350.0
525.0,;2375.0
525.0,;2400.0
526.0,;2.408.333.333.333.330
526.0,;2.408.333.333.333.330
526.0,;2.416.666.666.666.660
527.0,;2425.0
527.0,;2475.0
527.0,;2500.0
528.0,;2.508.333.333.333.330
528.0,;2525.0
529.0,;2.533.333.333.333.330
529.0,;2550.0
529.0,;2550.0
530.0,;2.566.666.666.666.660
530.0,;2.591.666.666.666.660
530.0,;2.591.666.666.666.660
531.0,;2.608.333.333.333.330
531.0,;2625.0
531.0,;2625.0
532.0,;2625.0
532.0,;2.641.666.666.666.660
532.0,;2650.0
533.0,;2.666.666.666.666.660
533.0,;2.691.666.666.666.660
534.0,;2.708.333.333.333.330
534.0,;2725.0
534.0,;2.733.333.333.333.330
535.0,;2.733.333.333.333.330
535.0,;2.741.666.666.666.660
535.0,;2.741.666.666.666.660
536.0,;2.741.666.666.666.660
536.0,;2775.0
536.0,;2.783.333.333.333.330
537.0,;2.791.666.666.666.660
537.0,;2800.0
537.0,;2825.0
538.0,;2.833.333.333.333.330
538.0,;2.833.333.333.333.330
538.0,;2.833.333.333.333.330
539.0,;2.833.333.333.333.330
539.0,;2.833.333.333.333.330
540.0,;2.833.333.333.333.330
540.0,;2.841.666.666.666.660
540.0,;2850.0
541.0,;2850.0
541.0,;2875.0
541.0,;2875.0
542.0,;2.883.333.333.333.330
542.0,;2900.0
542.0,;2.916.666.666.666.660
543.0,;2925.0
543.0,;2.933.333.333.333.330
543.0,;2.933.333.333.333.330
544.0,;2950.0
544.0,;2950.0
545.0,;2.958.333.333.333.330
545.0,;2.958.333.333.333.330
545.0,;2.966.666.666.666.660
546.0,;2.966.666.666.666.660
546.0,;2.983.333.333.333.330
546.0,;2.983.333.333.333.330
547.0,;2.983.333.333.333.330
547.0,;2.983.333.333.333.330
547.0,;2.991.666.666.666.660
548.0,;2.991.666.666.666.660
548.0,;3.008.333.333.333.330
548.0,;3025.0
549.0,;3.033.333.333.333.330
549.0,;3.041.666.666.666.660
550.0,;3.058.333.333.333.330
550.0,;3.058.333.333.333.330
550.0,;3.058.333.333.333.330
551.0,;3.058.333.333.333.330
551.0,;3.058.333.333.333.330
551.0,;3.066.666.666.666.660
552.0,;3.066.666.666.666.660
552.0,;3.083.333.333.333.330
552.0,;3.083.333.333.333.330
553.0,;3.091.666.666.666.660
553.0,;3100.0
553.0,;3.108.333.333.333.330
554.0,;3.108.333.333.333.330
554.0,;3.108.333.333.333.330
554.0,;3.108.333.333.333.330
555.0,;3.116.666.666.666.660
555.0,;3.116.666.666.666.660
556.0,;3.116.666.666.666.660
556.0,;3.116.666.666.666.660
556.0,;3.116.666.666.666.660
557.0,;3.116.666.666.666.660
557.0,;3.116.666.666.666.660
557.0,;3.116.666.666.666.660
558.0,;3.116.666.666.666.660
558.0,;3.116.666.666.666.660
558.0,;3.116.666.666.666.660
559.0,;3.116.666.666.666.660
559.0,;3.116.666.666.666.660
559.0,;3.116.666.666.666.660
560.0,;3125.0
560.0,;3.133.333.333.333.330
560.0,;3125.0
561.0,;3.116.666.666.666.660
561.0,;3.116.666.666.666.660
562.0,;3.116.666.666.666.660
562.0,;3.116.666.666.666.660
562.0,;3.116.666.666.666.660
563.0,;3.116.666.666.666.660
563.0,;3.116.666.666.666.660
563.0,;3.116.666.666.666.660
564.0,;3.116.666.666.666.660
564.0,;3125.0
564.0,;3125.0
565.0,;3.116.666.666.666.660
565.0,;3125.0
565.0,;3.108.333.333.333.330
566.0,;3.108.333.333.333.330
566.0,;3.108.333.333.333.330
566.0,;3.108.333.333.333.330
567.0,;3.108.333.333.333.330
567.0,;3.108.333.333.333.330
568.0,;3.108.333.333.333.330
568.0,;3.091.666.666.666.660
568.0,;3.083.333.333.333.330
569.0,;3075.0
569.0,;3075.0
569.0,;3075.0
570.0,;3.066.666.666.666.660
570.0,;3.066.666.666.666.660
570.0,;3.066.666.666.666.660
571.0,;3.066.666.666.666.660
571.0,;3.058.333.333.333.330
571.0,;3.066.666.666.666.660
572.0,;3.058.333.333.333.330
572.0,;3.058.333.333.333.330
572.0,;3050.0
573.0,;3.041.666.666.666.660
573.0,;3.033.333.333.333.330
574.0,;3.033.333.333.333.330
574.0,;3025.0
574.0,;3.016.666.666.666.660
575.0,;3.016.666.666.666.660
575.0,;3.008.333.333.333.330
575.0,;2.991.666.666.666.660
576.0,;2.983.333.333.333.330
576.0,;2.983.333.333.333.330
576.0,;2.983.333.333.333.330
577.0,;2.983.333.333.333.330
577.0,;2975.0
577.0,;2975.0
578.0,;2975.0
578.0,;2.983.333.333.333.330
578.0,;2.983.333.333.333.330
579.0,;2.983.333.333.333.330
579.0,;2.983.333.333.333.330
579.0,;2.983.333.333.333.330
580.0,;2.983.333.333.333.330
580.0,;2.983.333.333.333.330
581.0,;2.983.333.333.333.330
581.0,;2.983.333.333.333.330
581.0,;2975.0
582.0,;2.966.666.666.666.660
582.0,;2.966.666.666.666.660
582.0,;2.966.666.666.666.660
583.0,;2.966.666.666.666.660
583.0,;2.966.666.666.666.660
583.0,;2.966.666.666.666.660
584.0,;2.966.666.666.666.660
584.0,;2.966.666.666.666.660
584.0,;2950.0
585.0,;2925.0
585.0,;2.916.666.666.666.660
585.0,;2.908.333.333.333.330
586.0,;2.908.333.333.333.330
586.0,;2900.0
586.0,;2.908.333.333.333.330
587.0,;2900.0
587.0,;2900.0
588.0,;2.891.666.666.666.660
588.0,;2875.0
588.0,;2.866.666.666.666.660
589.0,;2.866.666.666.666.660
589.0,;2.858.333.333.333.330
589.0,;2.858.333.333.333.330
590.0,;2.866.666.666.666.660
590.0,;2.866.666.666.666.660
590.0,;2.866.666.666.666.660
591.0,;2875.0
591.0,;2875.0
591.0,;2875.0
592.0,;2.883.333.333.333.330
592.0,;2.883.333.333.333.330
592.0,;2.883.333.333.333.330
593.0,;2.891.666.666.666.660
593.0,;2.866.666.666.666.660
593.0,;2875.0
594.0,;2.866.666.666.666.660
594.0,;2.858.333.333.333.330
594.0,;2.866.666.666.666.660
595.0,;2875.0
595.0,;2.891.666.666.666.660
596.0,;2900.0
596.0,;2900.0
596.0,;2.908.333.333.333.330
597.0,;2.908.333.333.333.330
597.0,;2.908.333.333.333.330
597.0,;2900.0
598.0,;2.891.666.666.666.660
598.0,;2.891.666.666.666.660
598.0,;2.908.333.333.333.330
599.0,;2.908.333.333.333.330
599.0,;2900.0
599.0,;2900.0
600.0,;2.908.333.333.333.330
600.0,;2.916.666.666.666.660
600.0,;2.916.666.666.666.660
601.0,;2.916.666.666.666.660
601.0,;2.916.666.666.666.660
601.0,;2925.0
602.0,;2925.0
602.0,;2925.0
602.0,;2.916.666.666.666.660
603.0,;2.916.666.666.666.660
603.0,;2.916.666.666.666.660
604.0,;2.916.666.666.666.660
604.0,;2.916.666.666.666.660
604.0,;2.908.333.333.333.330
605.0,;2.908.333.333.333.330
605.0,;2.908.333.333.333.330
605.0,;2900.0
606.0,;2900.0
606.0,;2900.0
606.0,;2900.0
607.0,;2900.0
607.0,;2900.0
607.0,;2875.0
608.0,;2.858.333.333.333.330
608.0,;2.858.333.333.333.330
608.0,;2.841.666.666.666.660
609.0,;2.833.333.333.333.330
609.0,;2.833.333.333.333.330
609.0,;2.833.333.333.333.330
610.0,;2.833.333.333.333.330
610.0,;2.833.333.333.333.330
610.0,;2.833.333.333.333.330
611.0,;2825.0
611.0,;2.808.333.333.333.330
612.0,;2.808.333.333.333.330
612.0,;2.808.333.333.333.330
612.0,;2800.0
613.0,;2.783.333.333.333.330
613.0,;2775.0
613.0,;2.766.666.666.666.660
614.0,;2750.0
614.0,;2750.0
614.0,;2750.0
615.0,;2750.0
615.0,;2.733.333.333.333.330
615.0,;2.733.333.333.333.330
616.0,;2725.0
616.0,;2.716.666.666.666.660
616.0,;2.708.333.333.333.330
617.0,;2700.0
617.0,;2700.0
617.0,;2700.0
618.0,;2.691.666.666.666.660
618.0,;2.691.666.666.666.660
618.0,;2.683.333.333.333.330
619.0,;2.683.333.333.333.330
619.0,;2.683.333.333.333.330
619.0,;2675.0
620.0,;2675.0
620.0,;2675.0
621.0,;3700.0
621.0,;2.666.666.666.666.660
621.0,;2650.0
622.0,;2.641.666.666.666.660
622.0,;2.641.666.666.666.660
622.0,;2.641.666.666.666.660
623.0,;2.641.666.666.666.660
623.0,;2.641.666.666.666.660
623.0,;2.641.666.666.666.660
624.0,;2.641.666.666.666.660
624.0,;2.633.333.333.333.330
624.0,;2.633.333.333.333.330
625.0,;2625.0
625.0,;2.616.666.666.666.660
625.0,;2.616.666.666.666.660
626.0,;2.616.666.666.666.660
626.0,;2.616.666.666.666.660
626.0,;2.616.666.666.666.660
627.0,;2.608.333.333.333.330
627.0,;2.608.333.333.333.330
627.0,;2.608.333.333.333.330
628.0,;2.608.333.333.333.330
628.0,;2.608.333.333.333.330
628.0,;2.583.333.333.333.330
629.0,;2.608.333.333.333.330
629.0,;2.608.333.333.333.330
629.0,;2.608.333.333.333.330
630.0,;2.608.333.333.333.330
630.0,;2.608.333.333.333.330
630.0,;2.616.666.666.666.660
631.0,;2.608.333.333.333.330
631.0,;2.616.666.666.666.660
632.0,;2.616.666.666.666.660
632.0,;2.608.333.333.333.330
632.0,;2.608.333.333.333.330
633.0,;2.608.333.333.333.330
633.0,;2.608.333.333.333.330
633.0,;2.616.666.666.666.660
634.0,;2.616.666.666.666.660
634.0,;2.616.666.666.666.660
634.0,;2.616.666.666.666.660
635.0,;2.616.666.666.666.660
635.0,;2.616.666.666.666.660
635.0,;2.616.666.666.666.660
636.0,;2.616.666.666.666.660
636.0,;2.616.666.666.666.660
636.0,;2.616.666.666.666.660
637.0,;2.616.666.666.666.660
637.0,;2.608.333.333.333.330
637.0,;2.608.333.333.333.330
638.0,;2600.0
638.0,;2600.0
638.0,;2600.0
639.0,;2.591.666.666.666.660
639.0,;2.583.333.333.333.330
639.0,;2.583.333.333.333.330
640.0,;2575.0
640.0,;2575.0
640.0,;2.558.333.333.333.330
641.0,;2.558.333.333.333.330
641.0,;2.558.333.333.333.330
641.0,;2.541.666.666.666.660
642.0,;2.541.666.666.666.660
642.0,;2525.0
642.0,;2525.0
643.0,;2.516.666.666.666.660
643.0,;2500.0
644.0,;2.491.666.666.666.660
644.0,;2.483.333.333.333.330
644.0,;2.466.666.666.666.660
645.0,;2.458.333.333.333.330
645.0,;2.458.333.333.333.330
645.0,;2.441.666.666.666.660
646.0,;2.416.666.666.666.660
646.0,;2.383.333.333.333.330
646.0,;2375.0
647.0,;2.366.666.666.666.660
647.0,;2.358.333.333.333.330
647.0,;2.358.333.333.333.330
648.0,;2.358.333.333.333.330
648.0,;2.341.666.666.666.660
648.0,;2325.0
649.0,;2325.0
649.0,;2325.0
649.0,;2.308.333.333.333.330
650.0,;2.308.333.333.333.330
650.0,;2300.0
650.0,;2.283.333.333.333.330
651.0,;2275.0
651.0,;2275.0
651.0,;2.266.666.666.666.660
652.0,;2.258.333.333.333.330
652.0,;2250.0
652.0,;2.233.333.333.333.330
653.0,;2.233.333.333.333.330
653.0,;2225.0
653.0,;2225.0
654.0,;2.216.666.666.666.660
654.0,;2.208.333.333.333.330
654.0,;2.183.333.333.333.330
655.0,;2175.0
655.0,;2150.0
655.0,;2150.0
656.0,;2.141.666.666.666.660
656.0,;2.141.666.666.666.660
656.0,;2.133.333.333.333.330
657.0,;2.116.666.666.666.660
657.0,;2.116.666.666.666.660
657.0,;2100.0
658.0,;2.083.333.333.333.330
658.0,;2075.0
658.0,;20.416.666.666.666.600
659.0,;2025.0
659.0,;2000.0
660.0,;2000.0
660.0,;19.833.333.333.333.300
660.0,;19.666.666.666.666.600
661.0,;1950.0
661.0,;19.416.666.666.666.600
661.0,;19.083.333.333.333.300
662.0,;18.666.666.666.666.600
662.0,;18.583.333.333.333.300
662.0,;18.583.333.333.333.300
663.0,;1850.0
663.0,;1825.0
663.0,;17.833.333.333.333.300
664.0,;17.666.666.666.666.600
664.0,;1750.0
664.0,;17.416.666.666.666.600
665.0,;1725.0
665.0,;1700.0
665.0,;1675.0
666.0,;1675.0
666.0,;16.416.666.666.666.600
666.0,;16.166.666.666.666.600
667.0,;15.916.666.666.666.600
667.0,;15.916.666.666.666.600
667.0,;15.833.333.333.333.300
668.0,;1575.0
668.0,;1550.0
668.0,;1525.0
669.0,;15.166.666.666.666.600
669.0,;1500.0
669.0,;1500.0
670.0,;14.833.333.333.333.300
670.0,;14.833.333.333.333.300
670.0,;1475.0
671.0,;14.666.666.666.666.600
671.0,;14.666.666.666.666.600
671.0,;1450.0
672.0,;14.416.666.666.666.600
672.0,;14.333.333.333.333.300
672.0,;1425.0
673.0,;14.166.666.666.666.600
673.0,;14.166.666.666.666.600
673.0,;14.083.333.333.333.300
674.0,;1400.0
674.0,;1400.0
674.0,;1400.0
675.0,;13.916.666.666.666.600
675.0,;13.833.333.333.333.300
675.0,;13.833.333.333.333.300
676.0,;13.833.333.333.333.300
676.0,;13.833.333.333.333.300
676.0,;13.833.333.333.333.300
677.0,;13.833.333.333.333.300
677.0,;13.833.333.333.333.300
677.0,;13.833.333.333.333.300
678.0,;13.833.333.333.333.300
678.0,;13.833.333.333.333.300
678.0,;1400.0
679.0,;1400.0
679.0,;1400.0
679.0,;1400.0
680.0,;1425.0
680.0,;1425.0
680.0,;14.416.666.666.666.600
681.0,;1450.0
681.0,;14.666.666.666.666.600
681.0,;14.666.666.666.666.600
682.0,;14.833.333.333.333.300
682.0,;14.916.666.666.666.600
682.0,;15.166.666.666.666.600
683.0,;1525.0
683.0,;1550.0
684.0,;1575.0
684.0,;1600.0
684.0,;16.083.333.333.333.300
685.0,;16.583.333.333.333.300
685.0,;1675.0
685.0,;1700.0
686.0,;17.416.666.666.666.600
686.0,;17.666.666.666.666.600
686.0,;17.666.666.666.666.600
687.0,;18.333.333.333.333.300
687.0,;1850.0
687.0,;1925.0
688.0,;19.666.666.666.666.600
688.0,;20.333.333.333.333.300
688.0,;2.083.333.333.333.330
689.0,;2.141.666.666.666.660
689.0,;2.166.666.666.666.660
689.0,;2225.0
690.0,;2.258.333.333.333.330
690.0,;2.333.333.333.333.330
690.0,;2375.0
691.0,;2.441.666.666.666.660
691.0,;2.483.333.333.333.330
691.0,;2525.0
692.0,;2.566.666.666.666.660
692.0,;2.616.666.666.666.660
692.0,;2.658.333.333.333.330
693.0,;2.716.666.666.666.660
693.0,;2.758.333.333.333.330
693.0,;2800.0
694.0,;2875.0
694.0,;2925.0
694.0,;2.983.333.333.333.330
695.0,;3.041.666.666.666.660
695.0,;3.108.333.333.333.330
695.0,;3.158.333.333.333.330
696.0,;32.416.666.666.666.600
696.0,;3275.0
696.0,;33.333.333.333.333.300
697.0,;33.916.666.666.666.600
697.0,;3425.0
697.0,;34.916.666.666.666.600
698.0,;3500.0
698.0,;3525.0
698.0,;3575.0
699.0,;3600.0
699.0,;36.166.666.666.666.600
699.0,;36.666.666.666.666.600
700.0,;37.083.333.333.333.300
700.0,;37.583.333.333.333.300
700.0,;37.833.333.333.333.300
701.0,;38.083.333.333.333.300
701.0,;3875.0
701.0,;38.833.333.333.333.300
702.0,;39.416.666.666.666.600
702.0,;39.833.333.333.333.300
702.0,;40.333.333.333.333.300
703.0,;4075.0
703.0,;40.833.333.333.333.300
703.0,;4125.0
704.0,;4.166.666.666.666.660
704.0,;4.183.333.333.333.330
704.0,;4.183.333.333.333.330
705.0,;4.208.333.333.333.330
705.0,;4.233.333.333.333.330
705.0,;4.266.666.666.666.660
706.0,;4300.0
706.0,;4.308.333.333.333.330
706.0,;4.341.666.666.666.660
707.0,;4.366.666.666.666.660
707.0,;4.383.333.333.333.330
707.0,;4.408.333.333.333.330
708.0,;4.433.333.333.333.330
708.0,;4.433.333.333.333.330
708.0,;4475.0
709.0,;4475.0
709.0,;4500.0
709.0,;4.516.666.666.666.660
710.0,;4525.0
710.0,;4.566.666.666.666.660
710.0,;4575.0
711.0,;4.583.333.333.333.330
711.0,;4.591.666.666.666.660
711.0,;4625.0
712.0,;4.641.666.666.666.660
712.0,;4.658.333.333.333.330
712.0,;4.666.666.666.666.660
713.0,;4.683.333.333.333.330
713.0,;4.691.666.666.666.660
713.0,;4.691.666.666.666.660
714.0,;4.691.666.666.666.660
714.0,;4.708.333.333.333.330
714.0,;4.708.333.333.333.330
715.0,;4.708.333.333.333.330
715.0,;4.708.333.333.333.330
715.0,;4.691.666.666.666.660
716.0,;4.658.333.333.333.330
716.0,;4.616.666.666.666.660
716.0,;4.608.333.333.333.330
717.0,;4.583.333.333.333.330
717.0,;4.558.333.333.333.330
717.0,;4550.0
718.0,;4.591.666.666.666.660
718.0,;4.616.666.666.666.660
718.0,;4.641.666.666.666.660
719.0,;4.683.333.333.333.330
719.0,;4.691.666.666.666.660
719.0,;4.716.666.666.666.660
720.0,;4750.0
720.0,;4.816.666.666.666.660
720.0,;4850.0
721.0,;4925.0
721.0,;4.941.666.666.666.660
721.0,;4950.0
722.0,;4.941.666.666.666.660
722.0,;4.933.333.333.333.330
722.0,;4.883.333.333.333.330
723.0,;4.858.333.333.333.330
723.0,;4.816.666.666.666.660
723.0,;4800.0
723.0,;4800.0
724.0,;4800.0
724.0,;4.841.666.666.666.660
724.0,;4.858.333.333.333.330
725.0,;4875.0
725.0,;4.891.666.666.666.660
725.0,;4.916.666.666.666.660
726.0,;4.933.333.333.333.330
726.0,;4.916.666.666.666.660
726.0,;4.916.666.666.666.660
727.0,;4.916.666.666.666.660
727.0,;4.958.333.333.333.330
727.0,;4.966.666.666.666.660
728.0,;4.933.333.333.333.330
728.0,;4925.0
728.0,;4.966.666.666.666.660
729.0,;5.008.333.333.333.330
729.0,;5000.0
729.0,;4975.0
730.0,;4.991.666.666.666.660
730.0,;5.016.666.666.666.660
730.0,;5025.0
731.0,;5.041.666.666.666.660
731.0,;5.083.333.333.333.330
731.0,;5125.0
732.0,;5.166.666.666.666.660
732.0,;5175.0
732.0,;5225.0
733.0,;5.233.333.333.333.330
733.0,;5250.0
733.0,;5225.0
734.0,;5225.0
734.0,;5225.0
734.0,;5225.0
735.0,;5.216.666.666.666.660
735.0,;5.191.666.666.666.660
735.0,;5.191.666.666.666.660
736.0,;5.191.666.666.666.660
736.0,;5.208.333.333.333.330
736.0,;5.241.666.666.666.660
737.0,;5.241.666.666.666.660
737.0,;5.241.666.666.666.660
737.0,;5.258.333.333.333.330
738.0,;5275.0
738.0,;5.283.333.333.333.330
738.0,;5.283.333.333.333.330
739.0,;5.283.333.333.333.330
739.0,;5.283.333.333.333.330
739.0,;5.291.666.666.666.660
740.0,;5.316.666.666.666.660
740.0,;5.316.666.666.666.660
740.0,;5325.0
741.0,;5325.0
741.0,;5325.0
741.0,;5325.0
742.0,;5.366.666.666.666.660
742.0,;5.366.666.666.666.660
742.0,;5375.0
743.0,;5375.0
743.0,;5375.0
743.0,;5375.0
744.0,;5.391.666.666.666.660
744.0,;5.391.666.666.666.660
744.0,;5.391.666.666.666.660
745.0,;5.391.666.666.666.660
745.0,;5400.0
745.0,;5.408.333.333.333.330
746.0,;5.433.333.333.333.330
746.0,;5425.0
746.0,;5.408.333.333.333.330
747.0,;5.408.333.333.333.330
747.0,;5.408.333.333.333.330
747.0,;5.408.333.333.333.330
747.0,;5.408.333.333.333.330
748.0,;5.408.333.333.333.330
748.0,;5.408.333.333.333.330
748.0,;5425.0
749.0,;5425.0
749.0,;5.433.333.333.333.330
749.0,;5.433.333.333.333.330
750.0,;5.433.333.333.333.330
750.0,;5.433.333.333.333.330
750.0,;5.433.333.333.333.330
751.0,;5425.0
751.0,;5.433.333.333.333.330
751.0,;5.408.333.333.333.330
752.0,;5.433.333.333.333.330
752.0,;5.433.333.333.333.330
752.0,;5.458.333.333.333.330
753.0,;5475.0
753.0,;5.466.666.666.666.660
753.0,;5.466.666.666.666.660
754.0,;5475.0
754.0,;5.458.333.333.333.330
754.0,;5475.0
755.0,;5475.0
755.0,;5.483.333.333.333.330
755.0,;5.483.333.333.333.330
756.0,;5.483.333.333.333.330
756.0,;5.466.666.666.666.660
756.0,;5.466.666.666.666.660
757.0,;5475.0
757.0,;5.466.666.666.666.660
757.0,;5.458.333.333.333.330
758.0,;5.441.666.666.666.660
758.0,;5.408.333.333.333.330
758.0,;5325.0
759.0,;5225.0
759.0,;5.091.666.666.666.660
759.0,;4.983.333.333.333.330
760.0,;4.833.333.333.333.330
760.0,;4.716.666.666.666.660
760.0,;4.733.333.333.333.330
761.0,;4925.0
761.0,;5200.0
761.0,;5.316.666.666.666.660
761.0,;5350.0
762.0,;5350.0
762.0,;5.316.666.666.666.660
762.0,;5.258.333.333.333.330
763.0,;5200.0
763.0,;5.191.666.666.666.660
763.0,;5225.0
764.0,;5300.0
764.0,;5.366.666.666.666.660
764.0,;5.408.333.333.333.330
765.0,;5.441.666.666.666.660
765.0,;5475.0
765.0,;5.483.333.333.333.330
766.0,;5500.0
766.0,;5.516.666.666.666.660
766.0,;5.508.333.333.333.330
767.0,;5.533.333.333.333.330
767.0,;5550.0
767.0,;5550.0
768.0,;5.566.666.666.666.660
768.0,;5.533.333.333.333.330
768.0,;5.558.333.333.333.330
769.0,;5.541.666.666.666.660
769.0,;5.541.666.666.666.660
769.0,;5.533.333.333.333.330
770.0,;5525.0
770.0,;5525.0
770.0,;5525.0
771.0,;5525.0
771.0,;5525.0
771.0,;5525.0
772.0,;5525.0
772.0,;5525.0
772.0,;5.541.666.666.666.660
773.0,;5.541.666.666.666.660
773.0,;5.533.333.333.333.330
773.0,;5.533.333.333.333.330
773.0,;5.533.333.333.333.330
774.0,;5.533.333.333.333.330
774.0,;5.533.333.333.333.330
774.0,;5525.0
775.0,;5.533.333.333.333.330
775.0,;5550.0
775.0,;5550.0
776.0,;5550.0
776.0,;5.566.666.666.666.660
776.0,;5.566.666.666.666.660
777.0,;5.566.666.666.666.660
777.0,;5.566.666.666.666.660
777.0,;5.558.333.333.333.330
778.0,;5.566.666.666.666.660
778.0,;5575.0
778.0,;5.566.666.666.666.660
779.0,;5.566.666.666.666.660
779.0,;5.566.666.666.666.660
779.0,;5.566.666.666.666.660
780.0,;5575.0
780.0,;5.566.666.666.666.660
780.0,;5600.0
781.0,;5.591.666.666.666.660
781.0,;5.608.333.333.333.330
781.0,;5.608.333.333.333.330
782.0,;5.608.333.333.333.330
782.0,;5.591.666.666.666.660
782.0,;5.591.666.666.666.660
783.0,;5.516.666.666.666.660
783.0,;5.591.666.666.666.660
783.0,;5575.0
783.0,;5550.0
784.0,;5550.0
784.0,;5550.0
784.0,;5.541.666.666.666.660
785.0,;5.541.666.666.666.660
785.0,;5.533.333.333.333.330
785.0,;5.533.333.333.333.330
786.0,;5.533.333.333.333.330
786.0,;5525.0
786.0,;5525.0
787.0,;5.516.666.666.666.660
787.0,;5.516.666.666.666.660
787.0,;5.516.666.666.666.660
788.0,;5525.0
788.0,;5.508.333.333.333.330
788.0,;5.508.333.333.333.330
789.0,;5.516.666.666.666.660
789.0,;5.516.666.666.666.660
789.0,;5525.0
790.0,;5525.0
790.0,;5.533.333.333.333.330
790.0,;5.541.666.666.666.660
791.0,;5.533.333.333.333.330
791.0,;5550.0
791.0,;5550.0
791.0,;5550.0
792.0,;5550.0
792.0,;5550.0
792.0,;5550.0
793.0,;5550.0
793.0,;5.558.333.333.333.330
793.0,;5.558.333.333.333.330
794.0,;5.591.666.666.666.660
794.0,;5.591.666.666.666.660
794.0,;5.558.333.333.333.330
795.0,;5550.0
795.0,;5.508.333.333.333.330
795.0,;5500.0
796.0,;5.491.666.666.666.660
796.0,;5.491.666.666.666.660
796.0,;5.491.666.666.666.660
797.0,;5525.0
797.0,;5.541.666.666.666.660
797.0,;5.541.666.666.666.660
798.0,;5.583.333.333.333.330
798.0,;5575.0
798.0,;5.558.333.333.333.330
799.0,;5.541.666.666.666.660
799.0,;5.541.666.666.666.660
799.0,;5.541.666.666.666.660
799.0,;5.533.333.333.333.330
800.0,;5500.0
800.0,;5.491.666.666.666.660
800.0,;5500.0
801.0,;5525.0
801.0,;5525.0
801.0,;5.516.666.666.666.660
802.0,;5525.0
802.0,;5550.0
802.0,;5.541.666.666.666.660
803.0,;5.541.666.666.666.660
803.0,;5.541.666.666.666.660
803.0,;5550.0
804.0,;5.591.666.666.666.660
804.0,;5.591.666.666.666.660
804.0,;5.591.666.666.666.660
805.0,;5600.0
805.0,;5600.0
805.0,;5.616.666.666.666.660
806.0,;5.608.333.333.333.330
806.0,;5600.0
806.0,;5.583.333.333.333.330
806.0,;5.591.666.666.666.660
807.0,;5.591.666.666.666.660
807.0,;5575.0
807.0,;5.566.666.666.666.660
808.0,;5.566.666.666.666.660
808.0,;5.558.333.333.333.330
808.0,;5.541.666.666.666.660
809.0,;5.541.666.666.666.660
809.0,;5.533.333.333.333.330
809.0,;5500.0
810.0,;5.483.333.333.333.330
810.0,;5.483.333.333.333.330
810.0,;5.483.333.333.333.330
811.0,;5.483.333.333.333.330
811.0,;5.466.666.666.666.660
811.0,;5.466.666.666.666.660
812.0,;5450.0
812.0,;5450.0
812.0,;5.416.666.666.666.660
813.0,;5.391.666.666.666.660
813.0,;5.358.333.333.333.330
813.0,;5350.0
813.0,;5.316.666.666.666.660
814.0,;5300.0
814.0,;5325.0
814.0,;5.316.666.666.666.660
815.0,;5325.0
815.0,;5.316.666.666.666.660
815.0,;5.316.666.666.666.660
816.0,;5.358.333.333.333.330
816.0,;5.383.333.333.333.330
816.0,;5375.0
817.0,;5375.0
817.0,;5.391.666.666.666.660
817.0,;5.416.666.666.666.660
818.0,;5.441.666.666.666.660
818.0,;5.441.666.666.666.660
818.0,;5.441.666.666.666.660
819.0,;5.441.666.666.666.660
819.0,;5475.0
819.0,;5.541.666.666.666.660
819.0,;5.583.333.333.333.330
820.0,;5.583.333.333.333.330
820.0,;5.591.666.666.666.660
820.0,;5.608.333.333.333.330
821.0,;5600.0
821.0,;5550.0
821.0,;5425.0
822.0,;5325.0
822.0,;5275.0
822.0,;5.291.666.666.666.660
823.0,;5.308.333.333.333.330
823.0,;5350.0
823.0,;5450.0
824.0,;5.608.333.333.333.330
824.0,;5.666.666.666.666.660
824.0,;5675.0
825.0,;5650.0
825.0,;5.633.333.333.333.330
825.0,;5.583.333.333.333.330
825.0,;5.583.333.333.333.330
826.0,;5.533.333.333.333.330
826.0,;5500.0
826.0,;5425.0
827.0,;5425.0
827.0,;5425.0
827.0,;5.433.333.333.333.330
828.0,;5400.0
828.0,;5.408.333.333.333.330
828.0,;5.441.666.666.666.660
829.0,;5.516.666.666.666.660
829.0,;5.533.333.333.333.330
829.0,;5550.0
830.0,;5.541.666.666.666.660
830.0,;5.558.333.333.333.330
830.0,;5.558.333.333.333.330
830.0,;5.558.333.333.333.330
831.0,;5550.0
831.0,;5.558.333.333.333.330
831.0,;5.566.666.666.666.660
832.0,;5550.0
832.0,;5.533.333.333.333.330
832.0,;5.558.333.333.333.330
833.0,;5.583.333.333.333.330
833.0,;5.583.333.333.333.330
833.0,;5.608.333.333.333.330
834.0,;5625.0
834.0,;5650.0
834.0,;5.658.333.333.333.330
835.0,;5.641.666.666.666.660
835.0,;5650.0
835.0,;5.641.666.666.666.660
836.0,;5.633.333.333.333.330
836.0,;5625.0
836.0,;5625.0
836.0,;5650.0
837.0,;5650.0
837.0,;5.641.666.666.666.660
837.0,;5.641.666.666.666.660
838.0,;5.658.333.333.333.330
838.0,;5.658.333.333.333.330
838.0,;5.666.666.666.666.660
839.0,;5.658.333.333.333.330
839.0,;5.666.666.666.666.660
839.0,;5.658.333.333.333.330
840.0,;5675.0
840.0,;5675.0
840.0,;5650.0
841.0,;5.666.666.666.666.660
841.0,;5675.0
841.0,;5.683.333.333.333.330
841.0,;5.691.666.666.666.660
842.0,;5700.0
842.0,;5.716.666.666.666.660
842.0,;5.716.666.666.666.660
843.0,;5.716.666.666.666.660
843.0,;5.708.333.333.333.330
843.0,;5.708.333.333.333.330
844.0,;5700.0
844.0,;5700.0
844.0,;5.708.333.333.333.330
845.0,;5725.0
845.0,;5.741.666.666.666.660
845.0,;5750.0
846.0,;5.758.333.333.333.330
846.0,;5.766.666.666.666.660
846.0,;5.766.666.666.666.660
846.0,;5.758.333.333.333.330
847.0,;5750.0
847.0,;5.766.666.666.666.660
847.0,;5.783.333.333.333.330
848.0,;5.766.666.666.666.660
848.0,;5.758.333.333.333.330
848.0,;5.716.666.666.666.660
849.0,;5.708.333.333.333.330
849.0,;5725.0
849.0,;5.708.333.333.333.330
850.0,;5700.0
850.0,;5700.0
850.0,;5.733.333.333.333.330
850.0,;5.741.666.666.666.660
851.0,;5.741.666.666.666.660
851.0,;5.758.333.333.333.330
851.0,;5.758.333.333.333.330
852.0,;5750.0
852.0,;5.766.666.666.666.660
852.0,;5.758.333.333.333.330
853.0,;5725.0
853.0,;5.691.666.666.666.660
853.0,;5.691.666.666.666.660
854.0,;5700.0
854.0,;5.733.333.333.333.330
854.0,;5.758.333.333.333.330
855.0,;5800.0
855.0,;5.841.666.666.666.660
855.0,;5.841.666.666.666.660
855.0,;5.866.666.666.666.660
856.0,;5.866.666.666.666.660
856.0,;5.816.666.666.666.660
856.0,;5.816.666.666.666.660
857.0,;5.808.333.333.333.330
857.0,;5800.0
857.0,;5800.0
858.0,;5.766.666.666.666.660
858.0,;5.758.333.333.333.330
858.0,;5.766.666.666.666.660
859.0,;5.766.666.666.666.660
859.0,;5.766.666.666.666.660
859.0,;5775.0
859.0,;5.766.666.666.666.660
860.0,;5.783.333.333.333.330
860.0,;5.783.333.333.333.330
860.0,;5775.0
861.0,;5.791.666.666.666.660
861.0,;5.783.333.333.333.330
861.0,;5.808.333.333.333.330
862.0,;5.816.666.666.666.660
862.0,;5.841.666.666.666.660
862.0,;5.841.666.666.666.660
863.0,;5.858.333.333.333.330
863.0,;5850.0
863.0,;5.858.333.333.333.330
864.0,;37.166.666.666.666.600
864.0,;5.833.333.333.333.330
864.0,;5850.0
864.0,;5.816.666.666.666.660
865.0,;5.783.333.333.333.330
865.0,;5.766.666.666.666.660
865.0,;5.758.333.333.333.330
866.0,;5.766.666.666.666.660
866.0,;5775.0
866.0,;5.783.333.333.333.330
867.0,;5.808.333.333.333.330
867.0,;5825.0
867.0,;5825.0
868.0,;5.858.333.333.333.330
868.0,;5.858.333.333.333.330
868.0,;5.841.666.666.666.660
868.0,;5825.0
869.0,;5.833.333.333.333.330
869.0,;5850.0
869.0,;5.858.333.333.333.330
870.0,;5.866.666.666.666.660
870.0,;5875.0
870.0,;5875.0
871.0,;5.891.666.666.666.660
871.0,;5.883.333.333.333.330
871.0,;5.916.666.666.666.660
872.0,;5900.0
872.0,;5900.0
872.0,;5.883.333.333.333.330
872.0,;5.891.666.666.666.660
873.0,;5875.0
873.0,;5.883.333.333.333.330
873.0,;5.883.333.333.333.330
874.0,;5875.0
874.0,;5850.0
874.0,;5.866.666.666.666.660
875.0,;5.858.333.333.333.330
875.0,;5875.0
875.0,;5.908.333.333.333.330
876.0,;5.891.666.666.666.660
876.0,;5.916.666.666.666.660
876.0,;5.941.666.666.666.660
876.0,;5.933.333.333.333.330
877.0,;5925.0
877.0,;5.916.666.666.666.660
877.0,;5.891.666.666.666.660
878.0,;5900.0
878.0,;5900.0
878.0,;5.891.666.666.666.660
879.0,;5.891.666.666.666.660
879.0,;5.891.666.666.666.660
879.0,;5900.0
879.0,;5.883.333.333.333.330
880.0,;5.891.666.666.666.660
880.0,;5.883.333.333.333.330
880.0,;5.908.333.333.333.330
881.0,;5900.0
881.0,;5.908.333.333.333.330
881.0,;5.908.333.333.333.330
882.0,;5925.0
882.0,;5.908.333.333.333.330
882.0,;5.916.666.666.666.660
883.0,;5.916.666.666.666.660
883.0,;5950.0
883.0,;5.966.666.666.666.660
883.0,;5.933.333.333.333.330
884.0,;5.958.333.333.333.330
884.0,;6.008.333.333.333.330
884.0,;5.958.333.333.333.330
885.0,;5.941.666.666.666.660
885.0,;5.941.666.666.666.660
885.0,;5925.0
886.0,;5.941.666.666.666.660
886.0,;5.916.666.666.666.660
886.0,;5.908.333.333.333.330
887.0,;5950.0
887.0,;5.966.666.666.666.660
887.0,;5.966.666.666.666.660
887.0,;5.991.666.666.666.660
888.0,;6.016.666.666.666.660
888.0,;6.016.666.666.666.660
888.0,;6.008.333.333.333.330
889.0,;6.016.666.666.666.660
889.0,;6025.0
889.0,;6.041.666.666.666.660
890.0,;6.033.333.333.333.330
890.0,;6.033.333.333.333.330
890.0,;6.008.333.333.333.330
890.0,;6.008.333.333.333.330
891.0,;6000.0
891.0,;5.966.666.666.666.660
891.0,;5.966.666.666.666.660
892.0,;5.916.666.666.666.660
892.0,;5.883.333.333.333.330
892.0,;5.866.666.666.666.660
893.0,;5875.0
893.0,;5875.0
893.0,;5.841.666.666.666.660
894.0,;5825.0
894.0,;5.808.333.333.333.330
894.0,;5.791.666.666.666.660
894.0,;5800.0
895.0,;5.783.333.333.333.330
895.0,;5725.0
895.0,;5.691.666.666.666.660
896.0,;5.691.666.666.666.660
896.0,;5700.0
896.0,;5.708.333.333.333.330
897.0,;5725.0
897.0,;5.766.666.666.666.660
897.0,;5800.0
897.0,;5.758.333.333.333.330
898.0,;5.733.333.333.333.330
898.0,;5700.0
898.0,;5.766.666.666.666.660
899.0,;5.766.666.666.666.660
899.0,;5.716.666.666.666.660
899.0,;5.683.333.333.333.330
900.0,;5.741.666.666.666.660
900.0,;5.833.333.333.333.330
900.0,;5850.0
900.0,;5.808.333.333.333.330
901.0,;5800.0
901.0,;5.808.333.333.333.330
901.0,;5825.0
902.0,;5.808.333.333.333.330
902.0,;5900.0
902.0,;5.983.333.333.333.330
903.0,;6.033.333.333.333.330
903.0,;6075.0
903.0,;6.083.333.333.333.330
904.0,;6125.0
904.0,;6125.0
904.0,;6050.0
904.0,;6.041.666.666.666.660
905.0,;5.991.666.666.666.660
905.0,;5950.0
905.0,;5925.0
906.0,;5850.0
906.0,;5.783.333.333.333.330
906.0,;5.766.666.666.666.660
907.0,;5.716.666.666.666.660
907.0,;5675.0
907.0,;5675.0
907.0,;5.708.333.333.333.330
908.0,;5725.0
908.0,;5800.0
908.0,;5.808.333.333.333.330
909.0,;5850.0
909.0,;5.891.666.666.666.660
909.0,;5.858.333.333.333.330
910.0,;5875.0
910.0,;5.916.666.666.666.660
910.0,;5975.0
910.0,;6.008.333.333.333.330
911.0,;5.966.666.666.666.660
911.0,;6.008.333.333.333.330
911.0,;6.033.333.333.333.330
912.0,;6.033.333.333.333.330
912.0,;5.958.333.333.333.330
912.0,;5.866.666.666.666.660
913.0,;5.841.666.666.666.660
913.0,;5850.0
913.0,;5850.0
913.0,;5.808.333.333.333.330
914.0,;5800.0
914.0,;5.833.333.333.333.330
914.0,;5800.0
915.0,;5.783.333.333.333.330
915.0,;5.766.666.666.666.660
915.0,;5.783.333.333.333.330
916.0,;5.833.333.333.333.330
916.0,;5.816.666.666.666.660
916.0,;5.816.666.666.666.660
916.0,;5.841.666.666.666.660
917.0,;5850.0
917.0,;5825.0
917.0,;5850.0
918.0,;5.916.666.666.666.660
918.0,;5975.0
918.0,;6.033.333.333.333.330
919.0,;6.116.666.666.666.660
919.0,;6.183.333.333.333.330
919.0,;6250.0
919.0,;6.241.666.666.666.660
920.0,;6.216.666.666.666.660
920.0,;6.183.333.333.333.330
920.0,;6.183.333.333.333.330
921.0,;6.158.333.333.333.330
921.0,;6.108.333.333.333.330
921.0,;6125.0
922.0,;6.108.333.333.333.330
922.0,;6.083.333.333.333.330
922.0,;6.091.666.666.666.660
922.0,;6.066.666.666.666.660
923.0,;6.008.333.333.333.330
923.0,;5.983.333.333.333.330
923.0,;5.883.333.333.333.330
924.0,;5875.0
924.0,;5850.0
924.0,;5.858.333.333.333.330
925.0,;5.858.333.333.333.330
925.0,;5.933.333.333.333.330
925.0,;5.991.666.666.666.660
925.0,;6050.0
926.0,;6075.0
926.0,;6.066.666.666.666.660
926.0,;6050.0
927.0,;6000.0
927.0,;5925.0
927.0,;5.858.333.333.333.330
928.0,;5725.0
928.0,;5600.0
928.0,;5500.0
928.0,;5.466.666.666.666.660
929.0,;5.433.333.333.333.330
929.0,;5.458.333.333.333.330
929.0,;5400.0
930.0,;5.291.666.666.666.660
930.0,;5.291.666.666.666.660
930.0,;5200.0
931.0,;5.141.666.666.666.660
931.0,;5.033.333.333.333.330
931.0,;4950.0
931.0,;4.866.666.666.666.660
932.0,;4.791.666.666.666.660
932.0,;4725.0
932.0,;4600.0
933.0,;4.341.666.666.666.660
933.0,;4425.0
933.0,;4.408.333.333.333.330
933.0,;4700.0
934.0,;4575.0
934.0,;4650.0
934.0,;5.108.333.333.333.330
935.0,;5325.0
935.0,;5600.0
935.0,;5550.0
936.0,;5.416.666.666.666.660
936.0,;5.566.666.666.666.660
936.0,;5.458.333.333.333.330
936.0,;5.183.333.333.333.330
937.0,;5.666.666.666.666.660
937.0,;5.191.666.666.666.660
937.0,;5.466.666.666.666.660
938.0,;5350.0
938.0,;6.158.333.333.333.330
938.0,;6.658.333.333.333.330
939.0,;6.758.333.333.333.330
939.0,;6.533.333.333.333.330
939.0,;6.633.333.333.333.330
939.0,;6.341.666.666.666.660
940.0,;6.266.666.666.666.660
940.0,;6.083.333.333.333.330
940.0,;5900.0
941.0,;5.891.666.666.666.660
941.0,;5925.0
941.0,;5.883.333.333.333.330
941.0,;6.058.333.333.333.330
942.0,;5975.0
942.0,;6.033.333.333.333.330
942.0,;6.091.666.666.666.660
943.0,;5.991.666.666.666.660
943.0,;5750.0
943.0,;5.716.666.666.666.660
944.0,;5.766.666.666.666.660
944.0,;5.808.333.333.333.330
944.0,;5775.0
944.0,;5550.0
945.0,;5.491.666.666.666.660
945.0,;5.808.333.333.333.330
945.0,;5850.0
946.0,;5.641.666.666.666.660
946.0,;5.766.666.666.666.660
946.0,;5.741.666.666.666.660
946.0,;6.091.666.666.666.660
947.0,;6450.0
947.0,;6200.0
947.0,;5.958.333.333.333.330
948.0,;6.208.333.333.333.330
948.0,;6.291.666.666.666.660
948.0,;6.416.666.666.666.660
949.0,;6.066.666.666.666.660
949.0,;5.616.666.666.666.660
949.0,;5700.0
949.0,;5.766.666.666.666.660
950.0,;5750.0
950.0,;5925.0
950.0,;5.991.666.666.666.660
951.0,;5775.0
951.0,;5900.0
951.0,;5.841.666.666.666.660
951.0,;5.941.666.666.666.660
952.0,;5.808.333.333.333.330
952.0,;5.533.333.333.333.330
952.0,;5375.0
953.0,;5.966.666.666.666.660
953.0,;6.108.333.333.333.330
953.0,;5900.0
954.0,;5975.0
954.0,;6.016.666.666.666.660
954.0,;6.058.333.333.333.330
954.0,;6075.0
955.0,;5725.0
955.0,;5875.0
955.0,;6150.0
956.0,;6.083.333.333.333.330
956.0,;5.941.666.666.666.660
956.0,;5.966.666.666.666.660
956.0,;6.033.333.333.333.330
957.0,;6.041.666.666.666.660
957.0,;5.908.333.333.333.330
957.0,;6000.0
958.0,;6.141.666.666.666.660
958.0,;5.966.666.666.666.660
958.0,;5.791.666.666.666.660
959.0,;5.541.666.666.666.660
959.0,;5.533.333.333.333.330
959.0,;5.333.333.333.333.330
959.0,;5125.0
960.0,;4950.0
960.0,;4.916.666.666.666.660
960.0,;5.241.666.666.666.660
961.0,;5.391.666.666.666.660
961.0,;5.483.333.333.333.330
961.0,;5.558.333.333.333.330
961.0,;5.566.666.666.666.660
962.0,;5.341.666.666.666.660
962.0,;5475.0
962.0,;5.416.666.666.666.660
963.0,;5.433.333.333.333.330
963.0,;5425.0
963.0,;5.341.666.666.666.660
964.0,;5.366.666.666.666.660
964.0,;5.608.333.333.333.330
964.0,;5650.0
964.0,;5500.0
965.0,;5.516.666.666.666.660
965.0,;5.558.333.333.333.330
965.0,;5675.0
966.0,;5525.0
966.0,;5.308.333.333.333.330
966.0,;5425.0
966.0,;5500.0
967.0,;5525.0
967.0,;5.591.666.666.666.660
967.0,;5625.0
968.0,;5875.0
968.0,;5.991.666.666.666.660
968.0,;5.983.333.333.333.330
968.0,;5.933.333.333.333.330
969.0,;5.941.666.666.666.660
969.0,;5950.0
969.0,;5.916.666.666.666.660
970.0,;5.891.666.666.666.660
970.0,;5925.0
970.0,;5975.0
970.0,;6025.0
971.0,;5.941.666.666.666.660
971.0,;5.758.333.333.333.330
971.0,;5650.0
972.0,;5.541.666.666.666.660
972.0,;5.541.666.666.666.660
972.0,;5.366.666.666.666.660
973.0,;5275.0
973.0,;5.308.333.333.333.330
973.0,;5.466.666.666.666.660
973.0,;5.541.666.666.666.660
974.0,;5.408.333.333.333.330
974.0,;5.316.666.666.666.660
974.0,;5.391.666.666.666.660
975.0,;5.441.666.666.666.660
975.0,;5.566.666.666.666.660
975.0,;5475.0
975.0,;5.491.666.666.666.660
976.0,;5.541.666.666.666.660
976.0,;5675.0
976.0,;5575.0
977.0,;5.558.333.333.333.330
977.0,;5600.0
977.0,;5825.0
977.0,;5.891.666.666.666.660
978.0,;6000.0
978.0,;6050.0
978.0,;6200.0
979.0,;6.158.333.333.333.330
979.0,;5.941.666.666.666.660
979.0,;5600.0
979.0,;5.391.666.666.666.660
980.0,;5325.0
980.0,;5300.0
980.0,;5.241.666.666.666.660
981.0,;5.183.333.333.333.330
981.0,;5.058.333.333.333.330
981.0,;5.366.666.666.666.660
981.0,;5.466.666.666.666.660
982.0,;5.491.666.666.666.660
982.0,;5.483.333.333.333.330
982.0,;5450.0
983.0,;5475.0
983.0,;5.616.666.666.666.660
983.0,;5500.0
984.0,;5.558.333.333.333.330
984.0,;5525.0
984.0,;5.466.666.666.666.660
984.0,;5350.0
985.0,;5.333.333.333.333.330
985.0,;5.308.333.333.333.330
985.0,;5.258.333.333.333.330
986.0,;5.208.333.333.333.330
986.0,;5.233.333.333.333.330
986.0,;5300.0
986.0,;5.466.666.666.666.660
987.0,;5.483.333.333.333.330
987.0,;5.541.666.666.666.660
987.0,;5.483.333.333.333.330
988.0,;5400.0
988.0,;5.358.333.333.333.330
988.0,;5.308.333.333.333.330
988.0,;5.308.333.333.333.330
989.0,;5.333.333.333.333.330
989.0,;5.333.333.333.333.330
989.0,;5.408.333.333.333.330
990.0,;5650.0
990.0,;5.766.666.666.666.660
990.0,;5.816.666.666.666.660
990.0,;5725.0
991.0,;5.791.666.666.666.660
991.0,;5725.0
991.0,;5.716.666.666.666.660
992.0,;5500.0
992.0,;5.358.333.333.333.330
992.0,;5.308.333.333.333.330
992.0,;5.308.333.333.333.330
993.0,;5.291.666.666.666.660
993.0,;5175.0
993.0,;5275.0
994.0,;5.458.333.333.333.330
994.0,;5700.0
994.0,;5.708.333.333.333.330
994.0,;5.741.666.666.666.660
995.0,;5600.0
995.0,;5700.0
995.0,;5.408.333.333.333.330
996.0,;5325.0
996.0,;5.233.333.333.333.330
996.0,;5.258.333.333.333.330
996.0,;5200.0
997.0,;5.258.333.333.333.330
997.0,;5.191.666.666.666.660
997.0,;5.291.666.666.666.660
998.0,;5050.0
998.0,;4.983.333.333.333.330
998.0,;5.041.666.666.666.660
998.0,;5225.0
999.0,;5125.0
999.0,;5200.0
999.0,;5.308.333.333.333.330
1000.0,;5525.0
1000.0,;5.358.333.333.333.330
1000.0,;5.216.666.666.666.660
1000.0,;5175.0
